<?xml version="1.0" encoding="UTF-8"?>
<objects>
 
  <object id="fearedEventService" 
  	class="com.anssi.ebios.services.FearedEventService"
  	lazy-init="true"
  	singleton="false">
  	<property name="appSQLConnectionManager" ref="appSQLConnectionManager"/>
  </object>
  
  <object id="securityNeedService" 
  	class="com.anssi.ebios.services.SecurityNeedService"
  	lazy-init="true"
  	singleton="false">
  	<property name="appSQLConnectionManager" ref="appSQLConnectionManager"/>
  </object>
  
   <object id="securityCriteriaService"
  	class="com.anssi.ebios.services.SecurityCriteriaService"
  	lazy-init="true"
  	singleton="false">
  	<property name="appSQLConnectionManager" ref="appSQLConnectionManager"/>
  </object>
  
   <object id="studyService" 
  	class="com.anssi.ebios.services.StudyService"
  	lazy-init="true"
  	singleton="false">
  	<property name="appSQLConnectionManager" ref="appSQLConnectionManager"/>
  </object>
  
  <object id="peopleService" 
  	class="com.anssi.ebios.services.PeopleService"
  	lazy-init="true"
  	singleton="false">
  	<property name="appSQLConnectionManager" ref="appSQLConnectionManager"/>
  </object>
  
  <object id="parameterService" 
  	class="com.anssi.ebios.services.ParameterService"
  	lazy-init="true"
  	singleton="false">
  	<property name="appSQLConnectionManager" ref="appSQLConnectionManager"/>
  </object>
  
  <object id="actionService" 
  	class="com.anssi.ebios.services.ActionService"
  	lazy-init="true"
  	singleton="false">
  	<property name="appSQLConnectionManager" ref="appSQLConnectionManager"/>
  </object>
  
   <object id="gravityLevelService" 
  	class="com.anssi.ebios.services.GravityLevelService"
  	lazy-init="true"
  	singleton="false">
  	<property name="appSQLConnectionManager" ref="appSQLConnectionManager"/>
  </object>
  
   <object id="subjectService" 
  	class="com.anssi.ebios.services.SubjectService"
  	lazy-init="true"
  	singleton="false">
  	<property name="appSQLConnectionManager" ref="appSQLConnectionManager"/>
  </object>
  
  <object id="threatSourceService" 
  	class="com.anssi.ebios.services.ThreatSourceService"
  	lazy-init="true"
  	singleton="false">
  	<property name="appSQLConnectionManager" ref="appSQLConnectionManager"/>
  </object>
  
  <object id="threatSourceTypeService" 
  	class="com.anssi.ebios.services.ThreatSourceTypeService"
  	lazy-init="true"
  	singleton="false">
  	<property name="appSQLConnectionManager" ref="appSQLConnectionManager"/>
  </object>
  
   <object id="threatService" 
  	class="com.anssi.ebios.services.ThreatService"
  	lazy-init="true"
  	singleton="false">
  	<property name="appSQLConnectionManager" ref="appSQLConnectionManager"/>
  </object>
  
   <object id="impactService" 
  	class="com.anssi.ebios.services.ImpactService"
  	lazy-init="true"
  	singleton="false">
  	<property name="appSQLConnectionManager" ref="appSQLConnectionManager"/>
  </object>
  
   <object id="imageService" 
  	class="com.anssi.ebios.services.ImageService"
  	lazy-init="true"
  	singleton="false">
  	<property name="appSQLConnectionManager" ref="appSQLConnectionManager"/>
  </object>

  <object id="impactTypeService" 
  	class="com.anssi.ebios.services.ImpactTypeService"
  	lazy-init="true"
  	singleton="false">
  	<property name="appSQLConnectionManager" ref="appSQLConnectionManager"/>
  </object>

  <object id="vulnerabilityService" 
  	class="com.anssi.ebios.services.VulnerabilityService"
  	lazy-init="true"
  	singleton="false">
  	<property name="appSQLConnectionManager" ref="appSQLConnectionManager"/>
  </object>

  <object id="requirementService" 
  	class="com.anssi.ebios.services.RequirementService"
  	lazy-init="true"
  	singleton="false">
  	<property name="appSQLConnectionManager" ref="appSQLConnectionManager"/>
  </object>
  
  <object id="threatScenarioService" 
  	class="com.anssi.ebios.services.ThreatScenarioService"
  	lazy-init="true"
  	singleton="false">
  	<property name="appSQLConnectionManager" ref="appSQLConnectionManager"/>
  </object>
  
   <object id="likelihoodService" 
  	class="com.anssi.ebios.services.LikelihoodService"
  	lazy-init="true"
  	singleton="false">
  	<property name="appSQLConnectionManager" ref="appSQLConnectionManager"/>
  </object>

  <object id="vulnerabilityTypeService" 
  	class="com.anssi.ebios.services.VulnerabilityTypeService"
  	lazy-init="true"
  	singleton="false">
  	<property name="appSQLConnectionManager" ref="appSQLConnectionManager"/>
  </object>
  
  <object id="riskService" 
  	class="com.anssi.ebios.services.RiskService"
  	lazy-init="true"
  	singleton="false">
  	<property name="appSQLConnectionManager" ref="appSQLConnectionManager"/>
  </object>
  

  <object id="riskGenerationService" 
  	class="com.anssi.ebios.services.RiskGenerationService"
  	lazy-init="true"
  	singleton="false">
  	<property name="appSQLConnectionManager" ref="appSQLConnectionManager"/>
  </object>
  

  <object id="objectiveService" 
  	class="com.anssi.ebios.services.ObjectiveService"
  	lazy-init="true"
  	singleton="false">
  	<property name="appSQLConnectionManager" ref="appSQLConnectionManager"/>
  </object>
  
  <object id="securityMeasureService" 
  	class="com.anssi.ebios.services.SecurityMeasureService"
  	lazy-init="true"
  	singleton="false">
  	<property name="appSQLConnectionManager" ref="appSQLConnectionManager"/>
  </object>
  
  <object id="deliverableService" 
  	class="com.anssi.ebios.services.DeliverableService"
  	lazy-init="true"
  	singleton="false">
  	<property name="appSQLConnectionManager" ref="appSQLConnectionManager"/>
  </object>
  
  <object id="securityMeasureTypeService" 
  	class="com.anssi.ebios.services.SecurityMeasureTypeService"
  	lazy-init="true"
  	singleton="false">
  	<property name="appSQLConnectionManager" ref="appSQLConnectionManager"/>
  </object>
  
  <object id="supportingAssetService" 
  	class="com.anssi.ebios.services.SupportingAssetService"
  	lazy-init="true"
  	singleton="false">
  	<property name="appSQLConnectionManager" ref="appSQLConnectionManager"/>
  </object>

  <object id="defenceLineService" 
  	class="com.anssi.ebios.services.DefenceLineService"
  	lazy-init="true"
  	singleton="false">
  	<property name="appSQLConnectionManager" ref="appSQLConnectionManager"/>
  </object>
  
  <object id="workStructureService" 
  	class="com.anssi.ebios.services.WorkStructureService"
  	lazy-init="true"
  	singleton="false">
  	<property name="appSQLConnectionManager" ref="appSQLConnectionManager"/>
  </object>
  
  <object id="roleService" 
  	class="com.anssi.ebios.services.RoleService"
  	lazy-init="true"
  	singleton="false">
  	<property name="appSQLConnectionManager" ref="appSQLConnectionManager"/>
  </object>

  <object id="appSQLConnectionManager" 
	class="com.anssi.ebios.utils.sql.AppSQLConnectionManager"
  	lazy-init="true">
  </object>
  
  <object id="indicatorService"
  	class="com.anssi.ebios.services.IndicatorService"
  	lazy-init="true"
  	singleton="false">
  	<property name="appSQLConnectionManager" ref="appSQLConnectionManager"/>
  </object>
  
  <object id="statusService" 
  	class="com.anssi.ebios.services.StatusService"
  	lazy-init="true"
  	singleton="false">
  	<property name="appSQLConnectionManager" ref="appSQLConnectionManager"/>
  </object>
  
  <object id="primaryAssetService" 
  	class="com.anssi.ebios.services.PrimaryAssetService"
  	lazy-init="true"
  	singleton="false">
  	<property name="appSQLConnectionManager" ref="appSQLConnectionManager"/>
  </object>

	<object id="auditService"
		class="com.anssi.ebios.services.AuditService"
		lazy-init="true"
		singleton="false">
		<property name="appSQLConnectionManager" ref="appSQLConnectionManager"/>
	</object>

  <object id="informationService" 
  	class="com.anssi.ebios.services.InformationService"
  	lazy-init="true"
  	singleton="false">
  	<property name="appSQLConnectionManager" ref="appSQLConnectionManager"/>
  </object>

 <object id="actionPlanService" 
  	class="com.anssi.ebios.services.ActionPlanService"
  	lazy-init="true"
  	singleton="false">
  	<property name="appSQLConnectionManager" ref="appSQLConnectionManager"/>
  </object>

  
  <object id="riskEvaluationService" 
  	class="com.anssi.ebios.services.RiskEvaluationService"
  	lazy-init="true"
  	singleton="false">
  	<property name="appSQLConnectionManager" ref="appSQLConnectionManager"/>
  </object>
  
  <object id="openXMLService" 
  	class="com.anssi.ebios.services.OpenXMLService"
  	lazy-init="true"
  	singleton="false">
  	<property name="appSQLConnectionManager" ref="appSQLConnectionManager"/>
  </object>

  <object id="supportAssetService" 
  	class="com.anssi.ebios.services.SupportAssetService"
  	lazy-init="true"
  	singleton="false">
  	<property name="appSQLConnectionManager" ref="appSQLConnectionManager"/>
  </object>
  
  <object id="supportAssetTypeService" 
  	class="com.anssi.ebios.services.SupportAssetTypeService"
  	lazy-init="true"
  	singleton="false">
  	<property name="appSQLConnectionManager" ref="appSQLConnectionManager"/>
  </object>
  
  <object id="importStudyService" 
  	class="com.anssi.ebios.services.ImportStudyService"
  	lazy-init="true"
  	singleton="false">
  	<property name="appSQLConnectionManager" ref="appSQLConnectionManager"/>
  </object>
</objects>
